country,time,gdp_pcap
dza,1950,3025.42858
dza,1951,2997.16162
dza,1952,3073.73804
dza,1953,3070.66946
dza,1954,3237.08061
dza,1955,3267.17552
dza,1956,3525.36294
dza,1957,3859.94946
dza,1958,3934.40805
dza,1959,4581.76523
dza,1960,4817.39614
dza,1961,4311.90546
dza,1962,3210.70758
dza,1963,3966.26478
dza,1964,4129.25551
dza,1965,4327.74364
dza,1966,3981.30004
dza,1967,4257.66176
dza,1968,4617.66339
dza,1969,4911.1349
dza,1970,5261.56648
dza,1971,4671.93285
dza,1972,5536.87644
dza,1973,5602.43567
dza,1974,5733.68075
dza,1975,5946.10935
dza,1976,6160.88078
dza,1977,6553.95899
dza,1978,7106.10454
dza,1979,7477.77487
dza,1980,7360.63927
dza,1981,7752.9392
dza,1982,8315.72291
dza,1983,8723.61297
dza,1984,9171.2838
dza,1985,9520.83224
dza,1986,9397.12329
dza,1987,9299.41344
dza,1988,9133.7044
dza,1989,9622.1214
dza,1990,9808.17009
dza,1991,9646.82978
dza,1992,9755.45558
dza,1993,9485.44217
dza,1994,9345.85996
dza,1995,9650.07633
dza,1996,9987.59876
dza,1997,10043.73117
dza,1998,10513.70897
dza,1999,10814.28121
dza,2000,11174.92144
dza,2001,11448.35008
dza,2002,11995.66873
dza,2003,12691.81772
dza,2004,13141.18565
dza,2005,13707.76136
dza,2006,13917.79015
dza,2007,14137.48114
dza,2008,14237.54472
dza,2009,14128.60865
dza,2010,14496.42113
dza,2011,14641.96409
dza,2012,14697.53961
dza,2013,14778.19143
dza,2014,15073.76294
dza,2015,15239.51715
dza,2016,15511.68588
dza,2017,15427.66419
dza,2018,15343.42612
dza,2019,15199.199
dza,2020,14194.15575
dza,2021,14496.86547
dza,2022,14782.2003
dza,2023,15159.32424
dza,2024,15442.12445
dza,2025,16189.46985
dza,2026,16826.88077
dza,2027,17351.43252
dza,2028,17888.16942
dza,2029,18353.55957
dza,2030,18740.81967
dza,2031,19146.46269
dza,2032,19557.98203
dza,2033,19975.31918
dza,2034,20398.4096
dza,2035,20827.18268
dza,2036,21261.56177
dza,2037,21701.46419
dza,2038,22146.80123
dza,2039,22597.47826
dza,2040,23053.39475
dza,2041,23514.44433
dza,2042,23980.51491
dza,2043,24451.48878
dza,2044,24927.24269
dza,2045,25407.64803
dza,2046,25892.57093
dza,2047,26381.87242
dza,2048,26875.40862
dza,2049,27373.03088
dza,2050,27874.58602
dza,2051,28379.91647
dza,2052,28888.86055
dza,2053,29401.25261
dza,2054,29916.92332
dza,2055,30435.69991
dza,2056,30957.40634
dza,2057,31481.86366
dza,2058,32008.89017
dza,2059,32538.30173
dza,2060,33069.91205
dza,2061,33603.5329
dza,2062,34138.97442
dza,2063,34676.0454
dza,2064,35214.55354
dza,2065,35754.30572
dza,2066,36295.10831
dza,2067,36836.76741
dza,2068,37379.08914
dza,2069,37921.8799
dza,2070,38464.94665
dza,2071,39008.09715
dza,2072,39551.14025
dza,2073,40093.88611
dza,2074,40636.14645
dza,2075,41177.73481
dza,2076,41718.46676
dza,2077,42258.16013
dza,2078,42796.63522
dza,2079,43333.71501
dza,2080,43869.22537
dza,2081,44402.99522
dza,2082,44934.85673
dza,2083,45464.64549
dza,2084,45992.20065
dza,2085,46517.36507
dza,2086,47039.98549
dza,2087,47559.9126
dza,2088,48077.00121
dza,2089,48591.11033
dza,2090,49102.10328
dza,2091,49609.84773
dza,2092,50114.21584
dza,2093,50615.08429
dza,2094,51112.33433
dza,2095,51605.85183
dza,2096,52095.52733
dza,2097,52581.25604
dza,2098,53062.93788
dza,2099,53540.47747
dza,2100,54013.78413
egy,1950,1889.69328
egy,1951,1875.42777
egy,1952,1875.58289
egy,1953,1869.92672
egy,1954,1840.15837
egy,1955,1820.41979
egy,1956,1845.45038
egy,1957,1880.28776
egy,1958,1942.38785
egy,1959,1980.32955
egy,1960,2036.91939
egy,1961,2104.37459
egy,1962,2158.03629
egy,1963,2220.44915
egy,1964,2382.06523
egy,1965,2460.74198
egy,1966,2404.90635
egy,1967,2321.32153
egy,1968,2341.26154
egy,1969,2462.0001
egy,1970,2693.03494
egy,1971,2741.47062
egy,1972,2762.99573
egy,1973,2756.11795
egy,1974,2784.55714
egy,1975,2932.1491
egy,1976,3283.32485
egy,1977,3526.98331
egy,1978,3694.56117
egy,1979,3922.76589
egy,1980,4202.91027
egy,1981,4416.12398
egy,1982,4828.94611
egy,1983,5213.44937
egy,1984,5566.88508
egy,1985,5921.01005
egy,1986,6088.53987
egy,1987,6298.38344
egy,1988,6596.87103
egy,1989,6858.06476
egy,1990,7143.51701
egy,1991,7173.79022
egy,1992,7386.89506
egy,1993,7536.18156
egy,1994,7746.86118
egy,1995,8014.82187
egy,1996,8317.1324
egy,1997,8655.44958
egy,1998,8991.5405
egy,1999,9372.82134
egy,2000,9804.51932
egy,2001,9999.27693
egy,2002,10072.53787
egy,2003,10208.25965
egy,2004,10432.81398
egy,2005,10701.49106
egy,2006,11220.50957
egy,2007,11799.37304
egy,2008,12407.23243
egy,2009,12739.69042
egy,2010,13128.98783
egy,2011,13082.42637
egy,2012,13076.80524
egy,2013,13058.07482
egy,2014,13136.36563
egy,2015,13425.91196
egy,2016,13727.32016
egy,2017,14018.36059
egy,2018,14488.20943
egy,2019,15026.56824
egy,2020,15309.23599
egy,2021,15579.01609
egy,2022,16360.39078
egy,2023,16691.3874
egy,2024,16798.15158
egy,2025,17541.37397
egy,2026,18326.85398
egy,2027,19217.23575
egy,2028,20183.8657
egy,2029,21251.59376
egy,2030,22431.05722
egy,2031,22885.55566
egy,2032,23345.25392
egy,2033,23810.04244
egy,2034,24279.80598
egy,2035,24754.42372
egy,2036,25233.76936
egy,2037,25717.71128
egy,2038,26206.11266
egy,2039,26698.83166
egy,2040,27195.72162
egy,2041,27696.63117
egy,2042,28201.4045
egy,2043,28709.88152
egy,2044,29221.8981
egy,2045,29737.28628
egy,2046,30255.87452
egy,2047,30777.48791
egy,2048,31301.94848
egy,2049,31829.07536
egy,2050,32358.68516
egy,2051,32890.59211
egy,2052,33424.60843
egy,2053,33960.54457
egy,2054,34498.20944
egy,2055,35037.41076
egy,2056,35577.95529
egy,2057,36119.64912
egy,2058,36662.29796
egy,2059,37205.70737
egy,2060,37749.6831
egy,2061,38294.03129
egy,2062,38838.55878
egy,2063,39383.07336
egy,2064,39927.38402
egy,2065,40471.30119
egy,2066,41014.637
egy,2067,41557.2055
egy,2068,42098.82291
egy,2069,42639.30782
egy,2070,43178.4814
egy,2071,43716.16761
egy,2072,44252.19338
egy,2073,44786.38884
egy,2074,45318.58743
egy,2075,45848.62608
egy,2076,46376.34541
egy,2077,46901.58982
egy,2078,47424.20763
egy,2079,47944.05123
egy,2080,48460.97716
egy,2081,48974.84624
egy,2082,49485.52363
egy,2083,49992.87894
egy,2084,50496.78625
egy,2085,50997.12425
egy,2086,51493.77622
egy,2087,51986.63009
egy,2088,52475.57848
egy,2089,52960.51871
egy,2090,53441.35283
egy,2091,53917.98759
egy,2092,54390.33446
egy,2093,54858.30963
egy,2094,55321.83394
egy,2095,55780.83291
egy,2096,56235.23666
egy,2097,56684.97989
egy,2098,57130.00181
egy,2099,57570.24613
egy,2100,58005.66094
esp,1950,4528.78243
esp,1951,4991.52407
esp,1952,5359.76344
esp,1953,5267.37688
esp,1954,5657.62147
esp,1955,5829.11517
esp,1956,6244.06616
esp,1957,6417.40728
esp,1958,6735.74002
esp,1959,6575.79205
esp,1960,6713.18452
esp,1961,7464.93618
esp,1962,8149.40276
esp,1963,8895.20263
esp,1964,9299.56982
esp,1965,9909.73808
esp,1966,10539.67754
esp,1967,10928.57967
esp,1968,11459.26275
esp,1969,12404.30287
esp,1970,12715.64071
esp,1971,13197.81304
esp,1972,14267.62167
esp,1973,15291.42318
esp,1974,16117.53923
esp,1975,16208.59331
esp,1976,16640.66753
esp,1977,16946.89437
esp,1978,17099.9898
esp,1979,17049.83449
esp,1980,17327.13369
esp,1981,18030.86112
esp,1982,18837.81764
esp,1983,19532.39323
esp,1984,20184.95956
esp,1985,21081.35002
esp,1986,22106.23447
esp,1987,23838.06091
esp,1988,25781.88182
esp,1989,27937.10812
esp,1990,29891.57274
esp,1991,30796.14333
esp,1992,31130.60674
esp,1993,30746.48967
esp,1994,31494.09057
esp,1995,32419.39467
esp,1996,33257.2968
esp,1997,34440.83804
esp,1998,35913.286
esp,1999,37479.47157
esp,2000,39364.63231
esp,2001,40739.16636
esp,2002,41366.64971
esp,2003,41913.25931
esp,2004,42562.96373
esp,2005,43400.49882
esp,2006,44458.13989
esp,2007,45232.17425
esp,2008,44895.56756
esp,2009,42844.18943
esp,2010,42695.52742
esp,2011,42271.83468
esp,2012,41034.04816
esp,2013,40594.91401
esp,2014,41339.41112
esp,2015,43053.76143
esp,2016,44274.66761
esp,2017,45446.25086
esp,2018,46325.20994
esp,2019,46896.41711
esp,2020,41553.44779
esp,2021,44251.66582
esp,2022,46649.56354
esp,2023,47341.17179
esp,2024,48373.04557
esp,2025,50242.02774
esp,2026,51656.31091
esp,2027,52956.04398
esp,2028,54437.05812
esp,2029,55886.90363
esp,2030,57300.84229
esp,2031,57744.09803
esp,2032,58182.51245
esp,2033,58616.03687
esp,2034,59044.62696
esp,2035,59468.24259
esp,2036,59886.84779
esp,2037,60300.41068
esp,2038,60708.90335
esp,2039,61112.30179
esp,2040,61510.58579
esp,2041,61903.73887
esp,2042,62291.74813
esp,2043,62674.60421
esp,2044,63052.30114
esp,2045,63424.83628
esp,2046,63792.21018
esp,2047,64154.42649
esp,2048,64511.49187
esp,2049,64863.41586
esp,2050,65210.2108
esp,2051,65551.8917
esp,2052,65888.47615
esp,2053,66219.98421
esp,2054,66546.43832
esp,2055,66867.86317
esp,2056,67184.28564
esp,2057,67495.73464
esp,2058,67802.24108
esp,2059,68103.83771
esp,2060,68400.55908
esp,2061,68692.44138
esp,2062,68979.52242
esp,2063,69261.84148
esp,2064,69539.43926
esp,2065,69812.35778
esp,2066,70080.64027
esp,2067,70344.33113
esp,2068,70603.47583
esp,2069,70858.12082
esp,2070,71108.31347
esp,2071,71354.10198
esp,2072,71595.53534
esp,2073,71832.66322
esp,2074,72065.53593
esp,2075,72294.20434
esp,2076,72518.71983
esp,2077,72739.13421
esp,2078,72955.49968
esp,2079,73167.86877
esp,2080,73376.29429
esp,2081,73580.82924
esp,2082,73781.52683
esp,2083,73978.44037
esp,2084,74171.62324
esp,2085,74361.12887
esp,2086,74547.01069
esp,2087,74729.32204
esp,2088,74908.11621
esp,2089,75083.44636
esp,2090,75255.36548
esp,2091,75423.92638
esp,2092,75589.18163
esp,2093,75751.18359
esp,2094,75909.98429
esp,2095,76065.6355
esp,2096,76218.18862
esp,2097,76367.69473
esp,2098,76514.20452
esp,2099,76657.76829
esp,2100,76798.43593
fra,1950,10318.84895
fra,1951,10784.09399
fra,1952,10923.24376
fra,1953,11096.22898
fra,1954,11488.62714
fra,1955,11952.98717
fra,1956,12352.8845
fra,1957,12854.17225
fra,1958,12952.67453
fra,1959,13093.10294
fra,1960,13827.29748
fra,1961,14314.0549
fra,1962,14863.91923
fra,1963,15368.56074
fra,1964,16096.8857
fra,1965,16622.09477
fra,1966,17208.50163
fra,1967,17773.1602
fra,1968,18299.29031
fra,1969,19297.55605
fra,1970,20137.54901
fra,1971,20834.99257
fra,1972,21452.86374
fra,1973,22390.0963
fra,1974,22897.7524
fra,1975,22448.95491
fra,1976,23179.75268
fra,1977,23768.34651
fra,1978,24336.44101
fra,1979,24913.96781
fra,1980,25027.44267
fra,1981,26389.6859
fra,1982,27749.22125
fra,1983,28510.63389
fra,1984,29385.61916
fra,1985,30236.83998
fra,1986,31152.35583
fra,1987,32266.81569
fra,1988,34339.76924
fra,1989,36560.39435
fra,1990,38340.95776
fra,1991,38621.61981
fra,1992,39043.07066
fra,1993,38730.86195
fra,1994,39524.73127
fra,1995,40292.26927
fra,1996,40731.78388
fra,1997,41621.57117
fra,1998,42931.17053
fra,1999,44195.66798
fra,2000,45733.71556
fra,2001,46304.54285
fra,2002,46495.2528
fra,2003,46636.54244
fra,2004,47646.61563
fra,2005,48195.83192
fra,2006,49169.89075
fra,2007,50116.61434
fra,2008,50040.18577
fra,2009,48391.26396
fra,2010,49130.42294
fra,2011,50085.68298
fra,2012,49935.62691
fra,2013,50066.53043
fra,2014,50326.56786
fra,2015,50682.89536
fra,2016,50984.0753
fra,2017,51895.5663
fra,2018,52560.95362
fra,2019,53448.55488
fra,2020,49311.33341
fra,2021,52517.33549
fra,2022,53691.61749
fra,2023,54017.87417
fra,2024,54464.98167
fra,2025,56112.81238
fra,2026,57758.99029
fra,2027,59315.21714
fra,2028,60915.90163
fra,2029,62496.24495
fra,2030,64052.40144
fra,2031,64404.61359
fra,2032,64751.71683
fra,2033,65093.72507
fra,2034,65430.6548
fra,2035,65762.52504
fra,2036,66089.35717
fra,2037,66411.17489
fra,2038,66728.00409
fra,2039,67039.87275
fra,2040,67346.81086
fra,2041,67648.85028
fra,2042,67946.02469
fra,2043,68238.36948
fra,2044,68525.92163
fra,2045,68808.71967
fra,2046,69086.80354
fra,2047,69360.21454
fra,2048,69628.99522
fra,2049,69893.18932
fra,2050,70152.84166
fra,2051,70407.99808
fra,2052,70658.70537
fra,2053,70905.01118
fra,2054,71146.96394
fra,2055,71384.61282
fra,2056,71618.00764
fra,2057,71847.19879
fra,2058,72072.23722
fra,2059,72293.17432
fra,2060,72510.06188
fra,2061,72722.95205
fra,2062,72931.89727
fra,2063,73136.95021
fra,2064,73338.16374
fra,2065,73535.59088
fra,2066,73729.28471
fra,2067,73919.2984
fra,2068,74105.68511
fra,2069,74288.49795
fra,2070,74467.78998
fra,2071,74643.61415
fra,2072,74816.02326
fra,2073,74985.06993
fra,2074,75150.80658
fra,2075,75313.28538
fra,2076,75472.55825
fra,2077,75628.6768
fra,2078,75781.69234
fra,2079,75931.65581
fra,2080,76078.61782
fra,2081,76222.62857
fra,2082,76363.73786
fra,2083,76501.99507
fra,2084,76637.44915
fra,2085,76770.14859
fra,2086,76900.14139
fra,2087,77027.4751
fra,2088,77152.19676
fra,2089,77274.35289
fra,2090,77393.98952
fra,2091,77511.15213
fra,2092,77625.88569
fra,2093,77738.23461
fra,2094,77848.24275
fra,2095,77955.95343
fra,2096,78061.4094
fra,2097,78164.65286
fra,2098,78265.72544
fra,2099,78364.66818
fra,2100,78461.52157
grc,1950,4046.45724
grc,1951,4354.88282
grc,1952,4315.55582
grc,1953,4809.76743
grc,1954,4916.00387
grc,1955,5209.09933
grc,1956,5600.02851
grc,1957,5915.04995
grc,1958,6119.86242
grc,1959,6269.41424
grc,1960,6440.96328
grc,1961,7016.12328
grc,1962,7150.66623
grc,1963,7873.63652
grc,1964,8507.74867
grc,1965,9290.83149
grc,1966,9786.39876
grc,1967,10196.33998
grc,1968,10853.78153
grc,1969,11944.9569
grc,1970,12903.7381
grc,1971,13781.49362
grc,1972,15239.68079
grc,1973,16022.01979
grc,1974,15118.33209
grc,1975,15881.5749
grc,1976,16698.9772
grc,1977,16963.21032
grc,1978,17886.49787
grc,1979,18249.99688
grc,1980,18240.18704
grc,1981,18834.04867
grc,1982,19305.8625
grc,1983,19556.47488
grc,1984,20368.70828
grc,1985,21280.52509
grc,1986,21723.46165
grc,1987,21682.37811
grc,1988,23153.52436
grc,1989,24638.00364
grc,1990,25181.86487
grc,1991,25801.45602
grc,1992,25926.40668
grc,1993,25495.28289
grc,1994,26005.0042
grc,1995,26552.61526
grc,1996,27000.08238
grc,1997,27990.94872
grc,1998,28920.16909
grc,1999,29692.65924
grc,2000,30878.47385
grc,2001,32216.03115
grc,2002,33660.65195
grc,2003,35613.94532
grc,2004,37508.87544
grc,2005,37901.02852
grc,2006,40277.6367
grc,2007,41648.95477
grc,2008,41617.32244
grc,2009,39846.18215
grc,2010,37566.74837
grc,2011,33906.49174
grc,2012,31250.22686
grc,2013,30762.44322
grc,2014,31213.37651
grc,2015,31347.97657
grc,2016,31468.61985
grc,2017,31995.41088
grc,2018,32722.33104
grc,2019,33502.75065
grc,2020,30487.11293
grc,2021,33531.15511
grc,2022,35906.61277
grc,2023,36854.5044
grc,2024,37752.63212
grc,2025,39621.40673
grc,2026,41259.86852
grc,2027,42478.19259
grc,2028,43741.85422
grc,2029,44788.34482
grc,2030,45599.01386
grc,2031,46121.12117
grc,2032,46640.72695
grc,2033,47157.68221
grc,2034,47671.842
grc,2035,48183.06556
grc,2036,48691.21636
grc,2037,49196.16223
grc,2038,49697.77539
grc,2039,50195.93257
grc,2040,50690.51503
grc,2041,51181.40861
grc,2042,51668.50378
grc,2043,52151.69566
grc,2044,52630.88403
grc,2045,53105.97334
grc,2046,53576.87273
grc,2047,54043.49599
grc,2048,54505.76158
grc,2049,54963.59258
grc,2050,55416.91668
grc,2051,55865.6661
grc,2052,56309.77761
grc,2053,56749.19244
grc,2054,57183.85621
grc,2055,57613.71892
grc,2056,58038.73483
grc,2057,58458.86242
grc,2058,58874.06431
grc,2059,59284.30715
grc,2060,59689.5616
grc,2061,60089.80218
grc,2062,60485.00721
grc,2063,60875.15872
grc,2064,61260.24233
grc,2065,61640.24719
grc,2066,62015.16585
grc,2067,62384.99417
grc,2068,62749.73124
grc,2069,63109.37924
grc,2070,63463.94334
grc,2071,63813.43165
grc,2072,64157.85504
grc,2073,64497.22709
grc,2074,64831.56398
grc,2075,65160.88436
grc,2076,65485.20927
grc,2077,65804.56203
grc,2078,66118.96816
grc,2079,66428.45523
grc,2080,66733.05283
grc,2081,67032.79241
grc,2082,67327.70722
grc,2083,67617.83223
grc,2084,67903.20397
grc,2085,68183.86053
grc,2086,68459.84139
grc,2087,68731.18741
grc,2088,68997.94066
grc,2089,69260.14442
grc,2090,69517.84304
grc,2091,69771.08189
grc,2092,70019.90728
grc,2093,70264.36638
grc,2094,70504.50714
grc,2095,70740.37824
grc,2096,70972.02903
grc,2097,71199.50942
grc,2098,71422.86987
grc,2099,71642.16127
grc,2100,71857.43495
ita,1950,7150.02462
ita,1951,7614.24603
ita,1952,8067.83479
ita,1953,8544.61581
ita,1954,8865.33887
ita,1955,9263.93065
ita,1956,9572.2147
ita,1957,9985.40419
ita,1958,10387.43527
ita,1959,10906.43544
ita,1960,11440.25145
ita,1961,12260.73378
ita,1962,13007.61063
ita,1963,13700.64794
ita,1964,13996.3108
ita,1965,14180.81711
ita,1966,14786.46677
ita,1967,15657.81532
ita,1968,16668.97455
ita,1969,17440.90866
ita,1970,18366.15499
ita,1971,18509.72287
ita,1972,18912.06968
ita,1973,19976.94735
ita,1974,20766.78366
ita,1975,20134.06953
ita,1976,21324.47519
ita,1977,21736.34545
ita,1978,22329.13629
ita,1979,23476.97218
ita,1980,24145.84157
ita,1981,26078.18066
ita,1982,27080.44434
ita,1983,27999.45288
ita,1984,29458.42367
ita,1985,30887.46672
ita,1986,32204.23091
ita,1987,33806.52985
ita,1988,36075.01565
ita,1989,38309.16648
ita,1990,40221.91788
ita,1991,41010.35612
ita,1992,41516.33793
ita,1993,41319.99318
ita,1994,42379.44924
ita,1995,43778.58017
ita,1996,44520.76518
ita,1997,45512.41517
ita,1998,46466.03567
ita,1999,47384.28201
ita,2000,49342.92612
ita,2001,50434.86202
ita,2002,50612.1286
ita,2003,50510.92632
ita,2004,51002.70778
ita,2005,51210.1026
ita,2006,52029.1946
ita,2007,52557.3651
ita,2008,51693.55748
ita,2009,48725.66832
ita,2010,49301.69591
ita,2011,49473.01492
ita,2012,47795.95794
ita,2013,46833.36153
ita,2014,46825.65112
ita,2015,47311.82553
ita,2016,47987.83796
ita,2017,48849.21835
ita,2018,49133.14353
ita,2019,49690.62985
ita,2020,45505.06887
ita,2021,49825.39341
ita,2022,52333.32743
ita,2023,52725.7462
ita,2024,53115.1351
ita,2025,54773.81941
ita,2026,56483.39104
ita,2027,57813.5949
ita,2028,59185.44763
ita,2029,60426.23785
ita,2030,61525.99538
ita,2031,61911.04413
ita,2032,62290.97309
ita,2033,62665.7766
ita,2034,63035.45228
ita,2035,63400.00093
ita,2036,63759.42642
ita,2037,64113.73558
ita,2038,64462.93813
ita,2039,64807.04653
ita,2040,65146.07588
ita,2041,65480.04388
ita,2042,65808.97063
ita,2043,66132.8786
ita,2044,66451.7925
ita,2045,66765.73918
ita,2046,67074.74754
ita,2047,67378.84841
ita,2048,67678.07449
ita,2049,67972.46022
ita,2050,68262.04169
ita,2051,68546.85657
ita,2052,68826.944
ita,2053,69102.34452
ita,2054,69373.09996
ita,2055,69639.25337
ita,2056,69900.84895
ita,2057,70157.93192
ita,2058,70410.54853
ita,2059,70658.74588
ita,2060,70902.57194
ita,2061,71142.07542
ita,2062,71377.30572
ita,2063,71608.31285
ita,2064,71835.1474
ita,2065,72057.86044
ita,2066,72276.50348
ita,2067,72491.1284
ita,2068,72701.7874
ita,2069,72908.53296
ita,2070,73111.41777
ita,2071,73310.49467
ita,2072,73505.81663
ita,2073,73697.4367
ita,2074,73885.40795
ita,2075,74069.78344
ita,2076,74250.61618
ita,2077,74427.95909
ita,2078,74601.86495
ita,2079,74772.38641
ita,2080,74939.5759
ita,2081,75103.48565
ita,2082,75264.16762
ita,2083,75421.67349
ita,2084,75576.05466
ita,2085,75727.36218
ita,2086,75875.64675
ita,2087,76020.9587
ita,2088,76163.34796
ita,2089,76302.86406
ita,2090,76439.55609
ita,2091,76573.4727
ita,2092,76704.66207
ita,2093,76833.1719
ita,2094,76959.04944
ita,2095,77082.34139
ita,2096,77203.09397
ita,2097,77321.35286
ita,2098,77437.16325
ita,2099,77550.56974
ita,2100,77661.61643
lby,1950,2292.79003
lby,1951,2502.30711
lby,1952,2497.8846
lby,1953,2430.54581
lby,1954,2346.8921
lby,1955,2477.08763
lby,1956,2651.46481
lby,1957,2601.45748
lby,1958,2694.4832
lby,1959,2732.38948
lby,1960,3308.46065
lby,1961,3405.03099
lby,1962,4230.48071
lby,1963,5344.34541
lby,1964,7066.32761
lby,1965,8471.03186
lby,1966,9360.5044
lby,1967,9759.41615
lby,1968,12180.82557
lby,1969,12766.85374
lby,1970,12522.89915
lby,1971,11550.15241
lby,1972,12132.14953
lby,1973,11818.95942
lby,1974,13786.84144
lby,1975,13847.06783
lby,1976,16600.07256
lby,1977,17910.30119
lby,1978,18222.23197
lby,1979,19189.5274
lby,1980,18679.1404
lby,1981,15306.40766
lby,1982,15683.46649
lby,1983,15020.34314
lby,1984,13881.15197
lby,1985,14816.48596
lby,1986,13126.75288
lby,1987,11119.41492
lby,1988,11327.16715
lby,1989,12144.49037
lby,1990,13562.45979
lby,1991,15870.39358
lby,1992,15607.76257
lby,1993,15169.59118
lby,1994,15600.96715
lby,1995,15401.70596
lby,1996,15887.98641
lby,1997,16827.35268
lby,1998,16284.91933
lby,1999,16433.90703
lby,2000,16980.38363
lby,2001,16648.99624
lby,2002,16355.17401
lby,2003,18291.09457
lby,2004,18855.45539
lby,2005,20743.89301
lby,2006,21719.57712
lby,2007,22619.89506
lby,2008,22178.26602
lby,2009,20672.92354
lby,2010,21109.96793
lby,2011,10739.09317
lby,2012,20595.58004
lby,2013,16553.14265
lby,2014,12495.79297
lby,2015,12192.13862
lby,2016,11828.71138
lby,2017,15424.05543
lby,2018,16380.85155
lby,2019,14333.42244
lby,2020,9976.0374
lby,2021,12641.50977
lby,2022,11456.07681
lby,2023,12478.14346
lby,2024,12275.9105
lby,2025,14636.39331
lby,2026,15442.79838
lby,2027,15778.77242
lby,2028,16560.32051
lby,2029,17035.03548
lby,2030,17167.90876
lby,2031,17549.28913
lby,2032,17936.71157
lby,2033,18330.14131
lby,2034,18729.53768
lby,2035,19134.85408
lby,2036,19546.03795
lby,2037,19963.03066
lby,2038,20385.76758
lby,2039,20814.17801
lby,2040,21248.18521
lby,2041,21687.70642
lby,2042,22132.65288
lby,2043,22582.9299
lby,2044,23038.43689
lby,2045,23499.06745
lby,2046,23964.70947
lby,2047,24435.24521
lby,2048,24910.55142
lby,2049,25390.49949
lby,2050,25874.95555
lby,2051,26363.78067
lby,2052,26856.831
lby,2053,27353.95794
lby,2054,27855.00837
lby,2055,28359.82479
lby,2056,28868.24559
lby,2057,29380.10522
lby,2058,29895.23446
lby,2059,30413.46064
lby,2060,30934.60786
lby,2061,31458.4973
lby,2062,31984.94741
lby,2063,32513.77422
lby,2064,33044.79158
lby,2065,33577.81147
lby,2066,34112.64421
lby,2067,34649.09878
lby,2068,35186.9831
lby,2069,35726.10427
lby,2070,36266.26888
lby,2071,36807.28327
lby,2072,37348.9538
lby,2073,37891.08712
lby,2074,38433.49045
lby,2075,38975.97183
lby,2076,39518.34035
lby,2077,40060.40646
lby,2078,40601.98217
lby,2079,41142.8813
lby,2080,41682.9197
lby,2081,42221.91551
lby,2082,42759.68931
lby,2083,43296.06439
lby,2084,43830.86692
lby,2085,44363.92613
lby,2086,44895.07448
lby,2087,45424.14788
lby,2088,45950.98576
lby,2089,46475.43132
lby,2090,46997.33157
lby,2091,47516.53752
lby,2092,48032.90429
lby,2093,48546.29116
lby,2094,49056.56176
lby,2095,49563.58406
lby,2096,50067.2305
lby,2097,50567.37805
lby,2098,51063.90823
lby,2099,51556.70721
lby,2100,52045.66577
mar,1950,2722.02033
mar,1951,2684.38257
mar,1952,2659.45521
mar,1953,2647.48423
mar,1954,2623.31855
mar,1955,2546.04828
mar,1956,2462.94336
mar,1957,2349.93012
mar,1958,2325.71085
mar,1959,2256.30556
mar,1960,2188.45529
mar,1961,2281.39294
mar,1962,2355.77556
mar,1963,2446.15422
mar,1964,2465.11847
mar,1965,2437.59664
mar,1966,2408.15573
mar,1967,2449.68228
mar,1968,2509.38945
mar,1969,2606.14559
mar,1970,2649.25657
mar,1971,2692.40885
mar,1972,2693.41635
mar,1973,2709.65879
mar,1974,2776.83927
mar,1975,2888.1817
mar,1976,3108.52136
mar,1977,3183.81354
mar,1978,3168.08143
mar,1979,3217.20287
mar,1980,3317.33688
mar,1981,3293.23822
mar,1982,3629.55376
mar,1983,3578.12079
mar,1984,3696.52034
mar,1985,3886.80894
mar,1986,4132.82952
mar,1987,3979.21328
mar,1988,4371.53
mar,1989,4470.30523
mar,1990,4707.6158
mar,1991,4945.55518
mar,1992,4747.32519
mar,1993,4622.96899
mar,1994,5019.51317
mar,1995,4661.20989
mar,1996,5141.33474
mar,1997,4969.39377
mar,1998,5233.47973
mar,1999,5223.66957
mar,2000,5262.19116
mar,2001,5571.15868
mar,2002,5681.19619
mar,2003,5935.52988
mar,2004,6109.49798
mar,2005,6201.10325
mar,2006,6572.15745
mar,2007,6685.63947
mar,2008,6948.25428
mar,2009,7088.24049
mar,2010,7210.63672
mar,2011,7503.79297
mar,2012,7628.64404
mar,2013,7839.03223
mar,2014,7951.79834
mar,2015,8198.80859
mar,2016,8141.94043
mar,2017,8450.00879
mar,2018,8611.75
mar,2019,8768.17578
mar,2020,8054.56299
mar,2021,8623.26562
mar,2022,8666.0791
mar,2023,8868.71191
mar,2024,9065.91406
mar,2025,9582.50716
mar,2026,10068.51605
mar,2027,10512.29638
mar,2028,10983.83415
mar,2029,11441.61745
mar,2030,11882.11972
mar,2031,12166.34473
mar,2032,12456.4623
mar,2033,12752.51672
mar,2034,13054.54854
mar,2035,13362.5944
mar,2036,13676.68687
mar,2037,13996.85426
mar,2038,14323.12045
mar,2039,14655.50475
mar,2040,14994.02173
mar,2041,15338.68106
mar,2042,15689.48739
mar,2043,16046.44019
mar,2044,16409.53363
mar,2045,16778.75646
mar,2046,17154.09187
mar,2047,17535.51745
mar,2048,17923.00503
mar,2049,18316.52062
mar,2050,18716.02436
mar,2051,19121.47044
mar,2052,19532.80704
mar,2053,19949.97632
mar,2054,20372.91439
mar,2055,20801.55128
mar,2056,21235.81098
mar,2057,21675.61142
mar,2058,22120.86452
mar,2059,22571.47624
mar,2060,23027.34662
mar,2061,23488.36988
mar,2062,23954.43446
mar,2063,24425.42318
mar,2064,24901.2133
mar,2065,25381.67668
mar,2066,25866.67991
mar,2067,26356.08446
mar,2068,26849.74684
mar,2069,27347.51879
mar,2070,27849.24747
mar,2071,28354.77563
mar,2072,28863.94186
mar,2073,29376.58078
mar,2074,29892.52327
mar,2075,30411.59674
mar,2076,30933.62532
mar,2077,31458.43016
mar,2078,31985.82965
mar,2079,32515.6397
mar,2080,33047.67402
mar,2081,33581.74436
mar,2082,34117.66081
mar,2083,34655.23205
mar,2084,35194.26566
mar,2085,35734.56835
mar,2086,36275.94631
mar,2087,36818.20539
mar,2088,37361.15144
mar,2089,37904.59059
mar,2090,38448.32944
mar,2091,38992.17542
mar,2092,39535.93698
mar,2093,40079.42385
mar,2094,40622.44733
mar,2095,41164.82048
mar,2096,41706.35837
mar,2097,42246.8783
mar,2098,42786.20006
mar,2099,43324.14604
mar,2100,43860.54155
prt,1950,4237.81732
prt,1951,4414.59304
prt,1952,4412.10773
prt,1953,4660.87772
prt,1954,4832.17361
prt,1955,4978.40397
prt,1956,5141.31989
prt,1957,5316.93668
prt,1958,5316.60218
prt,1959,5542.40817
prt,1960,5852.01875
prt,1961,6178.94232
prt,1962,6554.89845
prt,1963,6868.7693
prt,1964,7228.99173
prt,1965,7723.026
prt,1966,8000.2513
prt,1967,8562.02614
prt,1968,9408.26839
prt,1969,9623.41199
prt,1970,10451.78107
prt,1971,11113.83989
prt,1972,11917.75916
prt,1973,13112.85977
prt,1974,13023.09288
prt,1975,12108.75195
prt,1976,12663.77503
prt,1977,13200.66566
prt,1978,13402.97716
prt,1979,13996.60026
prt,1980,14467.33708
prt,1981,15478.15916
prt,1982,16280.7854
prt,1983,16670.0137
prt,1984,16745.75236
prt,1985,17385.87359
prt,1986,18225.17015
prt,1987,19859.04819
prt,1988,21577.91426
prt,1989,23575.11346
prt,1990,25935.18916
prt,1991,27153.22696
prt,1992,27707.41228
prt,1993,27281.58036
prt,1994,27579.00685
prt,1995,28616.71679
prt,1996,29588.43922
prt,1997,30834.7098
prt,1998,32233.68829
prt,1999,33382.71849
prt,2000,34490.82
prt,2001,34989.77279
prt,2002,35139.00933
prt,2003,34749.20143
prt,2004,35351.62552
prt,2005,35622.73481
prt,2006,36193.11836
prt,2007,37083.19514
prt,2008,37198.64961
prt,2009,36050.61782
prt,2010,36703.11402
prt,2011,36127.29481
prt,2012,34804.63319
prt,2013,34651.7718
prt,2014,35097.40968
prt,2015,35803.35741
prt,2016,36636.29768
prt,2017,37943.11506
prt,2018,39123.61476
prt,2019,40188.28668
prt,2020,36852.22839
prt,2021,38657.66772
prt,2022,41070.86131
prt,2023,41571.02034
prt,2024,41883.85142
prt,2025,43664.4989
prt,2026,45477.56935
prt,2027,47008.23648
prt,2028,48578.15646
prt,2029,50040.27883
prt,2030,51381.3583
prt,2031,51868.56228
prt,2032,52351.83406
prt,2033,52831.07422
prt,2034,53306.18801
prt,2035,53777.08539
prt,2036,54243.68096
prt,2037,54705.89402
prt,2038,55163.64845
prt,2039,55616.87278
prt,2040,56065.50007
prt,2041,56509.46791
prt,2042,56948.71834
prt,2043,57383.19782
prt,2044,57812.85714
prt,2045,58237.65138
prt,2046,58657.53981
prt,2047,59072.48585
prt,2048,59482.45694
prt,2049,59887.4245
prt,2050,60287.3638
prt,2051,60682.25392
prt,2052,61072.07761
prt,2053,61456.82123
prt,2054,61836.47462
prt,2055,62211.03104
prt,2056,62580.48702
prt,2057,62944.8423
prt,2058,63304.09971
prt,2059,63658.26507
prt,2060,64007.34707
prt,2061,64351.35721
prt,2062,64690.30963
prt,2063,65024.22108
prt,2064,65353.11075
prt,2065,65677.00021
prt,2066,65995.91331
prt,2067,66309.87604
prt,2068,66618.91647
prt,2069,66923.06464
prt,2070,67222.35245
prt,2071,67516.81358
prt,2072,67806.48339
prt,2073,68091.39884
prt,2074,68371.59838
prt,2075,68647.12187
prt,2076,68918.0105
prt,2077,69184.30668
prt,2078,69446.05402
prt,2079,69703.29715
prt,2080,69956.08176
prt,2081,70204.4544
prt,2082,70448.46253
prt,2083,70688.15435
prt,2084,70923.57876
prt,2085,71154.78534
prt,2086,71381.82421
prt,2087,71604.74601
prt,2088,71823.60186
prt,2089,72038.44322
prt,2090,72249.32195
prt,2091,72456.29013
prt,2092,72659.40013
prt,2093,72858.70446
prt,2094,73054.25578
prt,2095,73246.10683
prt,2096,73434.31041
prt,2097,73618.91929
prt,2098,73799.98624
prt,2099,73977.56393
prt,2100,74151.70492
tun,1950,2188.05414
tun,1951,2153.26417
tun,1952,2356.34551
tun,1953,2382.95831
tun,1954,2373.22741
tun,1955,2193.24109
tun,1956,2285.74966
tun,1957,2148.61244
tun,1958,2374.71188
tun,1959,2220.45333
tun,1960,2430.69771
tun,1961,2535.59328
tun,1962,2443.88673
tun,1963,2701.42356
tun,1964,2730.34335
tun,1965,2791.33995
tun,1966,2773.06367
tun,1967,2671.73206
tun,1968,2841.61231
tun,1969,2863.67899
tun,1970,3218.96212
tun,1971,3457.45528
tun,1972,3960.74997
tun,1973,3823.18907
tun,1974,4011.00738
tun,1975,4167.7415
tun,1976,4359.21663
tun,1977,4374.80156
tun,1978,4524.24672
tun,1979,4677.37181
tun,1980,4865.8411
tun,1981,5238.27057
tun,1982,5257.98137
tun,1983,5491.8354
tun,1984,5772.02279
tun,1985,6022.63269
tun,1986,5799.21574
tun,1987,6138.42861
tun,1988,6164.42172
tun,1989,6389.34594
tun,1990,6842.6121
tun,1991,6969.48209
tun,1992,7364.47061
tun,1993,7383.15699
tun,1994,7488.10644
tun,1995,7545.33755
tun,1996,7958.71616
tun,1997,8276.60838
tun,1998,8559.00667
tun,1999,8960.97765
tun,2000,9263.8496
tun,2001,9515.24818
tun,2002,9533.92966
tun,2003,9875.5455
tun,2004,10373.9473
tun,2005,10627.71843
tun,2006,11069.39488
tun,2007,11680.26312
tun,2008,12037.15196
tun,2009,12254.22964
tun,2010,12458.25735
tun,2011,12068.70037
tun,2012,12436.38215
tun,2013,12587.98124
tun,2014,12823.98881
tun,2015,12802.76104
tun,2016,12803.87361
tun,2017,12953.52321
tun,2018,13163.59059
tun,2019,13249.22409
tun,2020,11955.56592
tun,2021,12444.3264
tun,2022,12702.45358
tun,2023,12622.96039
tun,2024,12713.54985
tun,2025,13135.58265
tun,2026,13513.76698
tun,2027,13919.54841
tun,2028,14418.53954
tun,2029,14982.65211
tun,2030,15617.91656
tun,2031,15974.3233
tun,2032,16336.92668
tun,2033,16705.7185
tun,2034,17080.68507
tun,2035,17461.80705
tun,2036,17849.05937
tun,2037,18242.41115
tun,2038,18641.8256
tun,2039,19047.25999
tun,2040,19458.66555
tun,2041,19875.98745
tun,2042,20299.16477
tun,2043,20728.13047
tun,2044,21162.81141
tun,2045,21603.12834
tun,2046,22048.9959
tun,2047,22500.32273
tun,2048,22957.01144
tun,2049,23418.95872
tun,2050,23886.05542
tun,2051,24358.1866
tun,2052,24835.23171
tun,2053,25317.06463
tun,2054,25803.55386
tun,2055,26294.56266
tun,2056,26789.94918
tun,2057,27289.56665
tun,2058,27793.26357
tun,2059,28300.88389
tun,2060,28812.26722
tun,2061,29327.24907
tun,2062,29845.66102
tun,2063,30367.33101
tun,2064,30892.08354
tun,2065,31419.73997
tun,2066,31950.11869
tun,2067,32483.03549
tun,2068,33018.30374
tun,2069,33555.73469
tun,2070,34095.13775
tun,2071,34636.32079
tun,2072,35179.09034
tun,2073,35723.25196
tun,2074,36268.61046
tun,2075,36814.97021
tun,2076,37362.13539
tun,2077,37909.9103
tun,2078,38458.09958
tun,2079,39006.50853
tun,2080,39554.94336
tun,2081,40103.2114
tun,2082,40651.12143
tun,2083,41198.48386
tun,2084,41745.11101
tun,2085,42290.81732
tun,2086,42835.41958
tun,2087,43378.73714
tun,2088,43920.59212
tun,2089,44460.80959
tun,2090,44999.2178
tun,2091,45535.64831
tun,2092,46069.93617
tun,2093,46601.92009
tun,2094,47131.44257
tun,2095,47658.35005
tun,2096,48182.49303
tun,2097,48703.72617
tun,2098,49221.90841
tun,2099,49736.90306
tun,2100,50248.57788
