country,time,lex
dza,1950,36.1
dza,1951,36.7
dza,1952,37.3
dza,1953,37.8
dza,1954,35.7
dza,1955,36.4
dza,1956,37.1
dza,1957,37.8
dza,1958,38.5
dza,1959,39.3
dza,1960,40.1
dza,1961,40.8
dza,1962,41.4
dza,1963,45.0
dza,1964,45.8
dza,1965,46.7
dza,1966,47.4
dza,1967,48.2
dza,1968,49.0
dza,1969,49.8
dza,1970,50.6
dza,1971,51.4
dza,1972,52.2
dza,1973,53.1
dza,1974,54.1
dza,1975,55.0
dza,1976,55.9
dza,1977,56.9
dza,1978,57.9
dza,1979,58.9
dza,1980,59.7
dza,1981,61.0
dza,1982,62.1
dza,1983,63.2
dza,1984,64.2
dza,1985,65.2
dza,1986,66.0
dza,1987,66.8
dza,1988,67.4
dza,1989,67.9
dza,1990,68.4
dza,1991,68.9
dza,1992,69.3
dza,1993,69.7
dza,1994,70.0
dza,1995,70.2
dza,1996,70.8
dza,1997,71.1
dza,1998,71.4
dza,1999,71.8
dza,2000,72.2
dza,2001,72.5
dza,2002,72.8
dza,2003,72.9
dza,2004,73.4
dza,2005,73.7
dza,2006,73.9
dza,2007,74.1
dza,2008,74.2
dza,2009,74.4
dza,2010,74.5
dza,2011,74.6
dza,2012,74.8
dza,2013,74.9
dza,2014,75.0
dza,2015,75.1
dza,2016,75.2
dza,2017,75.3
dza,2018,75.4
dza,2019,75.5
dza,2020,74.7
dza,2021,75.0
dza,2022,75.7
dza,2023,76.0
dza,2024,76.2
dza,2025,76.4
dza,2026,76.6
dza,2027,76.8
dza,2028,77.0
dza,2029,77.2
dza,2030,77.39
dza,2031,77.59
dza,2032,77.79
dza,2033,77.99
dza,2034,78.09
dza,2035,78.29
dza,2036,78.49
dza,2037,78.69
dza,2038,78.89
dza,2039,79.09
dza,2040,79.29
dza,2041,79.39
dza,2042,79.59
dza,2043,79.79
dza,2044,79.98
dza,2045,80.18
dza,2046,80.28
dza,2047,80.48
dza,2048,80.68
dza,2049,80.88
dza,2050,80.98
dza,2051,81.18
dza,2052,81.38
dza,2053,81.48
dza,2054,81.68
dza,2055,81.88
dza,2056,81.98
dza,2057,82.18
dza,2058,82.37
dza,2059,82.47
dza,2060,82.67
dza,2061,82.77
dza,2062,82.97
dza,2063,83.07
dza,2064,83.27
dza,2065,83.37
dza,2066,83.57
dza,2067,83.67
dza,2068,83.87
dza,2069,83.97
dza,2070,84.07
dza,2071,84.27
dza,2072,84.37
dza,2073,84.47
dza,2074,84.67
dza,2075,84.77
dza,2076,84.96
dza,2077,85.06
dza,2078,85.16
dza,2079,85.26
dza,2080,85.46
dza,2081,85.56
dza,2082,85.66
dza,2083,85.76
dza,2084,85.96
dza,2085,86.06
dza,2086,86.16
dza,2087,86.26
dza,2088,86.36
dza,2089,86.56
dza,2090,86.66
dza,2091,86.76
dza,2092,86.86
dza,2093,86.96
dza,2094,87.06
dza,2095,87.26
dza,2096,87.36
dza,2097,87.45
dza,2098,87.55
dza,2099,87.65
dza,2100,87.75
egy,1950,39.7
egy,1951,40.8
egy,1952,41.8
egy,1953,42.8
egy,1954,43.8
egy,1955,44.4
egy,1956,44.8
egy,1957,45.5
egy,1958,46.6
egy,1959,47.8
egy,1960,48.7
egy,1961,49.4
egy,1962,49.7
egy,1963,50.0
egy,1964,50.1
egy,1965,50.2
egy,1966,50.1
egy,1967,50.5
egy,1968,51.2
egy,1969,51.2
egy,1970,51.4
egy,1971,52.6
egy,1972,52.4
egy,1973,52.8
egy,1974,53.9
egy,1975,54.6
egy,1976,55.4
egy,1977,56.0
egy,1978,57.1
egy,1979,57.6
egy,1980,58.4
egy,1981,58.7
egy,1982,58.9
egy,1983,59.2
egy,1984,59.4
egy,1985,59.6
egy,1986,60.0
egy,1987,60.7
egy,1988,61.8
egy,1989,62.8
egy,1990,63.8
egy,1991,64.5
egy,1992,65.1
egy,1993,65.3
egy,1994,65.5
egy,1995,65.9
egy,1996,66.2
egy,1997,66.4
egy,1998,66.5
egy,1999,66.9
egy,2000,67.4
egy,2001,67.3
egy,2002,67.3
egy,2003,67.3
egy,2004,67.7
egy,2005,68.0
egy,2006,68.1
egy,2007,68.4
egy,2008,68.4
egy,2009,68.5
egy,2010,68.7
egy,2011,68.8
egy,2012,68.8
egy,2013,69.2
egy,2014,69.2
egy,2015,69.0
egy,2016,69.5
egy,2017,70.0
egy,2018,70.2
egy,2019,70.5
egy,2020,69.1
egy,2021,68.4
egy,2022,69.6
egy,2023,70.0
egy,2024,70.2
egy,2025,70.39
egy,2026,70.59
egy,2027,70.68
egy,2028,70.88
egy,2029,71.08
egy,2030,71.27
egy,2031,71.37
egy,2032,71.56
egy,2033,71.76
egy,2034,71.86
egy,2035,72.05
egy,2036,72.15
egy,2037,72.35
egy,2038,72.54
egy,2039,72.64
egy,2040,72.84
egy,2041,73.03
egy,2042,73.13
egy,2043,73.32
egy,2044,73.42
egy,2045,73.62
egy,2046,73.72
egy,2047,73.91
egy,2048,74.01
egy,2049,74.2
egy,2050,74.4
egy,2051,74.5
egy,2052,74.69
egy,2053,74.79
egy,2054,74.99
egy,2055,75.08
egy,2056,75.28
egy,2057,75.47
egy,2058,75.57
egy,2059,75.77
egy,2060,75.87
egy,2061,76.06
egy,2062,76.16
egy,2063,76.35
egy,2064,76.55
egy,2065,76.65
egy,2066,76.84
egy,2067,76.94
egy,2068,77.14
egy,2069,77.23
egy,2070,77.43
egy,2071,77.53
egy,2072,77.72
egy,2073,77.92
egy,2074,78.02
egy,2075,78.11
egy,2076,78.31
egy,2077,78.41
egy,2078,78.6
egy,2079,78.7
egy,2080,78.9
egy,2081,78.99
egy,2082,79.19
egy,2083,79.29
egy,2084,79.48
egy,2085,79.58
egy,2086,79.68
egy,2087,79.87
egy,2088,79.97
egy,2089,80.17
egy,2090,80.27
egy,2091,80.36
egy,2092,80.56
egy,2093,80.66
egy,2094,80.85
egy,2095,80.95
egy,2096,81.05
egy,2097,81.24
egy,2098,81.34
egy,2099,81.44
egy,2100,81.63
esp,1950,62.0
esp,1951,62.4
esp,1952,64.6
esp,1953,65.7
esp,1954,66.7
esp,1955,66.9
esp,1956,66.6
esp,1957,67.0
esp,1958,68.4
esp,1959,68.8
esp,1960,69.3
esp,1961,69.8
esp,1962,69.6
esp,1963,69.8
esp,1964,70.5
esp,1965,70.8
esp,1966,71.1
esp,1967,71.4
esp,1968,71.5
esp,1969,71.4
esp,1970,72.0
esp,1971,72.0
esp,1972,72.8
esp,1973,72.8
esp,1974,73.1
esp,1975,73.4
esp,1976,73.7
esp,1977,74.1
esp,1978,74.4
esp,1979,74.8
esp,1980,75.3
esp,1981,75.6
esp,1982,76.0
esp,1983,76.0
esp,1984,76.2
esp,1985,76.2
esp,1986,76.5
esp,1987,76.7
esp,1988,76.7
esp,1989,76.8
esp,1990,76.8
esp,1991,77.0
esp,1992,77.4
esp,1993,77.6
esp,1994,77.9
esp,1995,78.0
esp,1996,78.2
esp,1997,78.7
esp,1998,78.8
esp,1999,78.9
esp,2000,79.4
esp,2001,79.7
esp,2002,79.8
esp,2003,79.8
esp,2004,80.3
esp,2005,80.4
esp,2006,80.9
esp,2007,81.0
esp,2008,81.3
esp,2009,81.6
esp,2010,82.0
esp,2011,82.2
esp,2012,82.2
esp,2013,82.6
esp,2014,82.8
esp,2015,82.6
esp,2016,82.9
esp,2017,83.0
esp,2018,83.1
esp,2019,83.3
esp,2020,82.1
esp,2021,82.9
esp,2022,82.4
esp,2023,83.2
esp,2024,83.3
esp,2025,83.5
esp,2026,83.6
esp,2027,83.7
esp,2028,83.9
esp,2029,84.0
esp,2030,84.09
esp,2031,84.29
esp,2032,84.39
esp,2033,84.49
esp,2034,84.69
esp,2035,84.79
esp,2036,84.89
esp,2037,84.99
esp,2038,85.19
esp,2039,85.29
esp,2040,85.39
esp,2041,85.49
esp,2042,85.69
esp,2043,85.78
esp,2044,85.88
esp,2045,85.98
esp,2046,86.18
esp,2047,86.28
esp,2048,86.38
esp,2049,86.48
esp,2050,86.58
esp,2051,86.78
esp,2052,86.88
esp,2053,86.98
esp,2054,87.08
esp,2055,87.28
esp,2056,87.37
esp,2057,87.47
esp,2058,87.57
esp,2059,87.67
esp,2060,87.87
esp,2061,87.97
esp,2062,88.07
esp,2063,88.17
esp,2064,88.27
esp,2065,88.37
esp,2066,88.57
esp,2067,88.67
esp,2068,88.77
esp,2069,88.87
esp,2070,88.97
esp,2071,89.06
esp,2072,89.26
esp,2073,89.36
esp,2074,89.46
esp,2075,89.56
esp,2076,89.66
esp,2077,89.76
esp,2078,89.86
esp,2079,89.96
esp,2080,90.16
esp,2081,90.26
esp,2082,90.36
esp,2083,90.46
esp,2084,90.56
esp,2085,90.66
esp,2086,90.75
esp,2087,90.85
esp,2088,91.05
esp,2089,91.15
esp,2090,91.25
esp,2091,91.35
esp,2092,91.45
esp,2093,91.55
esp,2094,91.65
esp,2095,91.75
esp,2096,91.85
esp,2097,91.95
esp,2098,92.05
esp,2099,92.25
esp,2100,92.35
fra,1950,67.1
fra,1951,66.9
fra,1952,68.1
fra,1953,68.2
fra,1954,69.0
fra,1955,69.3
fra,1956,69.3
fra,1957,69.8
fra,1958,70.8
fra,1959,71.0
fra,1960,71.1
fra,1961,71.4
fra,1962,71.1
fra,1963,71.1
fra,1964,71.8
fra,1965,71.8
fra,1966,72.1
fra,1967,72.1
fra,1968,72.1
fra,1969,72.0
fra,1970,72.7
fra,1971,72.8
fra,1972,72.9
fra,1973,73.2
fra,1974,73.4
fra,1975,73.4
fra,1976,73.6
fra,1977,74.1
fra,1978,74.3
fra,1979,74.6
fra,1980,74.7
fra,1981,74.9
fra,1982,75.2
fra,1983,75.3
fra,1984,75.7
fra,1985,75.8
fra,1986,76.1
fra,1987,76.6
fra,1988,76.9
fra,1989,77.1
fra,1990,77.3
fra,1991,77.5
fra,1992,77.7
fra,1993,77.9
fra,1994,78.2
fra,1995,78.3
fra,1996,78.5
fra,1997,78.8
fra,1998,78.8
fra,1999,79.0
fra,2000,79.2
fra,2001,79.4
fra,2002,79.5
fra,2003,79.7
fra,2004,80.4
fra,2005,80.5
fra,2006,80.9
fra,2007,81.1
fra,2008,81.1
fra,2009,81.3
fra,2010,81.5
fra,2011,81.8
fra,2012,81.9
fra,2013,82.2
fra,2014,82.5
fra,2015,82.4
fra,2016,82.6
fra,2017,82.8
fra,2018,82.9
fra,2019,83.0
fra,2020,82.3
fra,2021,82.8
fra,2022,82.4
fra,2023,82.6
fra,2024,82.8
fra,2025,82.9
fra,2026,83.0
fra,2027,83.1
fra,2028,83.29
fra,2029,83.39
fra,2030,83.49
fra,2031,83.59
fra,2032,83.69
fra,2033,83.89
fra,2034,83.99
fra,2035,84.09
fra,2036,84.19
fra,2037,84.29
fra,2038,84.48
fra,2039,84.58
fra,2040,84.68
fra,2041,84.78
fra,2042,84.88
fra,2043,85.08
fra,2044,85.18
fra,2045,85.28
fra,2046,85.38
fra,2047,85.48
fra,2048,85.57
fra,2049,85.77
fra,2050,85.87
fra,2051,85.97
fra,2052,86.07
fra,2053,86.17
fra,2054,86.27
fra,2055,86.47
fra,2056,86.57
fra,2057,86.67
fra,2058,86.76
fra,2059,86.86
fra,2060,86.96
fra,2061,87.16
fra,2062,87.26
fra,2063,87.36
fra,2064,87.46
fra,2065,87.56
fra,2066,87.66
fra,2067,87.76
fra,2068,87.86
fra,2069,88.05
fra,2070,88.15
fra,2071,88.25
fra,2072,88.35
fra,2073,88.45
fra,2074,88.55
fra,2075,88.65
fra,2076,88.75
fra,2077,88.85
fra,2078,89.05
fra,2079,89.14
fra,2080,89.24
fra,2081,89.34
fra,2082,89.44
fra,2083,89.54
fra,2084,89.64
fra,2085,89.74
fra,2086,89.84
fra,2087,89.94
fra,2088,90.04
fra,2089,90.14
fra,2090,90.33
fra,2091,90.43
fra,2092,90.53
fra,2093,90.63
fra,2094,90.73
fra,2095,90.83
fra,2096,90.93
fra,2097,91.03
fra,2098,91.13
fra,2099,91.23
fra,2100,91.33
grc,1950,68.3
grc,1951,69.2
grc,1952,70.0
grc,1953,70.3
grc,1954,70.9
grc,1955,71.3
grc,1956,71.2
grc,1957,71.4
grc,1958,71.9
grc,1959,72.1
grc,1960,72.3
grc,1961,72.2
grc,1962,72.1
grc,1963,72.2
grc,1964,72.3
grc,1965,72.7
grc,1966,73.0
grc,1967,72.9
grc,1968,73.0
grc,1969,73.3
grc,1970,73.6
grc,1971,73.8
grc,1972,73.9
grc,1973,74.1
grc,1974,74.4
grc,1975,74.4
grc,1976,74.4
grc,1977,74.6
grc,1978,75.0
grc,1979,75.2
grc,1980,75.2
grc,1981,75.4
grc,1982,75.6
grc,1983,75.7
grc,1984,75.9
grc,1985,76.0
grc,1986,76.2
grc,1987,76.2
grc,1988,76.6
grc,1989,76.9
grc,1990,77.1
grc,1991,77.1
grc,1992,77.2
grc,1993,77.3
grc,1994,77.5
grc,1995,77.6
grc,1996,77.7
grc,1997,77.9
grc,1998,78.0
grc,1999,78.1
grc,2000,78.3
grc,2001,78.7
grc,2002,78.9
grc,2003,79.0
grc,2004,79.2
grc,2005,79.4
grc,2006,79.6
grc,2007,79.5
grc,2008,79.9
grc,2009,80.0
grc,2010,80.3
grc,2011,80.3
grc,2012,80.3
grc,2013,80.7
grc,2014,80.9
grc,2015,80.8
grc,2016,81.0
grc,2017,81.1
grc,2018,81.4
grc,2019,81.6
grc,2020,81.2
grc,2021,80.2
grc,2022,80.3
grc,2023,81.0
grc,2024,81.1
grc,2025,81.3
grc,2026,81.49
grc,2027,81.69
grc,2028,81.79
grc,2029,81.99
grc,2030,82.19
grc,2031,82.29
grc,2032,82.48
grc,2033,82.68
grc,2034,82.78
grc,2035,82.98
grc,2036,83.08
grc,2037,83.18
grc,2038,83.37
grc,2039,83.47
grc,2040,83.67
grc,2041,83.77
grc,2042,83.87
grc,2043,83.97
grc,2044,84.16
grc,2045,84.26
grc,2046,84.36
grc,2047,84.56
grc,2048,84.66
grc,2049,84.76
grc,2050,84.86
grc,2051,85.05
grc,2052,85.15
grc,2053,85.25
grc,2054,85.35
grc,2055,85.45
grc,2056,85.65
grc,2057,85.75
grc,2058,85.85
grc,2059,85.95
grc,2060,86.04
grc,2061,86.24
grc,2062,86.34
grc,2063,86.44
grc,2064,86.54
grc,2065,86.64
grc,2066,86.74
grc,2067,86.84
grc,2068,87.03
grc,2069,87.13
grc,2070,87.23
grc,2071,87.33
grc,2072,87.43
grc,2073,87.53
grc,2074,87.63
grc,2075,87.73
grc,2076,87.82
grc,2077,88.02
grc,2078,88.12
grc,2079,88.22
grc,2080,88.32
grc,2081,88.42
grc,2082,88.52
grc,2083,88.62
grc,2084,88.71
grc,2085,88.81
grc,2086,88.91
grc,2087,89.01
grc,2088,89.11
grc,2089,89.21
grc,2090,89.31
grc,2091,89.41
grc,2092,89.51
grc,2093,89.6
grc,2094,89.8
grc,2095,89.9
grc,2096,90.0
grc,2097,90.1
grc,2098,90.2
grc,2099,90.3
grc,2100,90.4
ita,1950,65.7
ita,1951,65.6
ita,1952,66.2
ita,1953,66.9
ita,1954,68.0
ita,1955,68.4
ita,1956,67.8
ita,1957,68.3
ita,1958,69.2
ita,1959,69.7
ita,1960,69.7
ita,1961,70.1
ita,1962,69.8
ita,1963,69.9
ita,1964,70.6
ita,1965,70.6
ita,1966,71.2
ita,1967,71.2
ita,1968,71.0
ita,1969,71.0
ita,1970,71.6
ita,1971,71.9
ita,1972,72.1
ita,1973,72.2
ita,1974,72.6
ita,1975,72.7
ita,1976,72.9
ita,1977,73.3
ita,1978,73.7
ita,1979,74.0
ita,1980,74.0
ita,1981,74.5
ita,1982,74.9
ita,1983,74.8
ita,1984,75.5
ita,1985,75.6
ita,1986,76.0
ita,1987,76.4
ita,1988,76.6
ita,1989,76.9
ita,1990,77.0
ita,1991,77.1
ita,1992,77.4
ita,1993,77.6
ita,1994,77.8
ita,1995,78.1
ita,1996,78.4
ita,1997,78.7
ita,1998,78.8
ita,1999,79.2
ita,2000,79.6
ita,2001,79.9
ita,2002,80.0
ita,2003,80.0
ita,2004,80.7
ita,2005,80.8
ita,2006,81.1
ita,2007,81.2
ita,2008,81.3
ita,2009,81.5
ita,2010,81.9
ita,2011,82.0
ita,2012,82.0
ita,2013,82.4
ita,2014,82.6
ita,2015,82.4
ita,2016,82.8
ita,2017,82.7
ita,2018,83.0
ita,2019,83.2
ita,2020,82.0
ita,2021,82.4
ita,2022,82.2
ita,2023,83.0
ita,2024,83.2
ita,2025,83.3
ita,2026,83.5
ita,2027,83.59
ita,2028,83.79
ita,2029,83.89
ita,2030,83.99
ita,2031,84.19
ita,2032,84.29
ita,2033,84.39
ita,2034,84.59
ita,2035,84.69
ita,2036,84.78
ita,2037,84.88
ita,2038,85.08
ita,2039,85.18
ita,2040,85.28
ita,2041,85.48
ita,2042,85.58
ita,2043,85.68
ita,2044,85.78
ita,2045,85.88
ita,2046,85.97
ita,2047,86.17
ita,2048,86.27
ita,2049,86.37
ita,2050,86.47
ita,2051,86.67
ita,2052,86.77
ita,2053,86.87
ita,2054,86.97
ita,2055,87.07
ita,2056,87.16
ita,2057,87.36
ita,2058,87.46
ita,2059,87.56
ita,2060,87.66
ita,2061,87.76
ita,2062,87.86
ita,2063,87.96
ita,2064,88.06
ita,2065,88.16
ita,2066,88.26
ita,2067,88.45
ita,2068,88.55
ita,2069,88.65
ita,2070,88.75
ita,2071,88.85
ita,2072,88.95
ita,2073,89.05
ita,2074,89.15
ita,2075,89.35
ita,2076,89.45
ita,2077,89.54
ita,2078,89.64
ita,2079,89.74
ita,2080,89.84
ita,2081,89.94
ita,2082,90.04
ita,2083,90.14
ita,2084,90.34
ita,2085,90.44
ita,2086,90.54
ita,2087,90.54
ita,2088,90.73
ita,2089,90.83
ita,2090,90.93
ita,2091,91.03
ita,2092,91.13
ita,2093,91.23
ita,2094,91.33
ita,2095,91.43
ita,2096,91.53
ita,2097,91.63
ita,2098,91.83
ita,2099,91.92
ita,2100,92.02
lby,1950,36.2
lby,1951,36.9
lby,1952,37.5
lby,1953,38.2
lby,1954,38.9
lby,1955,39.6
lby,1956,40.4
lby,1957,41.2
lby,1958,41.9
lby,1959,42.8
lby,1960,43.7
lby,1961,44.5
lby,1962,45.5
lby,1963,46.2
lby,1964,47.6
lby,1965,48.6
lby,1966,49.7
lby,1967,50.7
lby,1968,51.8
lby,1969,52.9
lby,1970,53.8
lby,1971,54.7
lby,1972,55.6
lby,1973,56.5
lby,1974,57.6
lby,1975,58.6
lby,1976,59.6
lby,1977,60.3
lby,1978,61.7
lby,1979,62.7
lby,1980,63.7
lby,1981,64.6
lby,1982,65.5
lby,1983,66.3
lby,1984,67.1
lby,1985,67.9
lby,1986,68.6
lby,1987,66.9
lby,1988,69.6
lby,1989,69.9
lby,1990,70.5
lby,1991,70.9
lby,1992,71.2
lby,1993,71.7
lby,1994,72.1
lby,1995,72.4
lby,1996,71.9
lby,1997,72.9
lby,1998,72.8
lby,1999,72.9
lby,2000,73.0
lby,2001,73.1
lby,2002,73.1
lby,2003,73.2
lby,2004,73.3
lby,2005,73.3
lby,2006,73.5
lby,2007,73.6
lby,2008,73.8
lby,2009,73.9
lby,2010,74.0
lby,2011,71.7
lby,2012,73.9
lby,2013,74.3
lby,2014,72.7
lby,2015,72.9
lby,2016,73.2
lby,2017,74.0
lby,2018,74.3
lby,2019,74.2
lby,2020,72.2
lby,2021,70.3
lby,2022,74.5
lby,2023,70.1
lby,2024,71.92
lby,2025,74.05
lby,2026,76.07
lby,2027,76.27
lby,2028,76.37
lby,2029,76.57
lby,2030,76.78
lby,2031,76.98
lby,2032,77.08
lby,2033,77.28
lby,2034,77.48
lby,2035,77.69
lby,2036,77.79
lby,2037,77.99
lby,2038,78.19
lby,2039,78.29
lby,2040,78.5
lby,2041,78.7
lby,2042,78.9
lby,2043,79.0
lby,2044,79.2
lby,2045,79.41
lby,2046,79.51
lby,2047,79.71
lby,2048,79.91
lby,2049,80.01
lby,2050,80.22
lby,2051,80.42
lby,2052,80.52
lby,2053,80.72
lby,2054,80.92
lby,2055,81.02
lby,2056,81.23
lby,2057,81.43
lby,2058,81.53
lby,2059,81.73
lby,2060,81.94
lby,2061,82.04
lby,2062,82.24
lby,2063,82.34
lby,2064,82.54
lby,2065,82.74
lby,2066,82.85
lby,2067,83.05
lby,2068,83.15
lby,2069,83.35
lby,2070,83.45
lby,2071,83.65
lby,2072,83.76
lby,2073,83.96
lby,2074,84.06
lby,2075,84.26
lby,2076,84.36
lby,2077,84.57
lby,2078,84.67
lby,2079,84.77
lby,2080,84.97
lby,2081,85.07
lby,2082,85.27
lby,2083,85.37
lby,2084,85.48
lby,2085,85.68
lby,2086,85.78
lby,2087,85.98
lby,2088,86.08
lby,2089,86.18
lby,2090,86.28
lby,2091,86.49
lby,2092,86.59
lby,2093,86.69
lby,2094,86.89
lby,2095,86.99
lby,2096,87.09
lby,2097,87.2
lby,2098,87.3
lby,2099,87.5
lby,2100,87.6
mar,1950,40.0
mar,1951,40.8
mar,1952,41.6
mar,1953,42.5
mar,1954,43.3
mar,1955,43.8
mar,1956,44.5
mar,1957,45.2
mar,1958,45.8
mar,1959,46.3
mar,1960,45.5
mar,1961,47.2
mar,1962,47.7
mar,1963,48.1
mar,1964,48.7
mar,1965,49.1
mar,1966,49.6
mar,1967,50.2
mar,1968,50.7
mar,1969,51.3
mar,1970,51.9
mar,1971,52.4
mar,1972,53.0
mar,1973,53.6
mar,1974,54.3
mar,1975,54.8
mar,1976,55.5
mar,1977,56.2
mar,1978,57.0
mar,1979,57.7
mar,1980,58.4
mar,1981,59.2
mar,1982,59.9
mar,1983,60.6
mar,1984,61.3
mar,1985,62.0
mar,1986,62.7
mar,1987,63.4
mar,1988,64.0
mar,1989,64.5
mar,1990,65.0
mar,1991,65.4
mar,1992,65.7
mar,1993,66.0
mar,1994,66.4
mar,1995,66.8
mar,1996,67.2
mar,1997,67.5
mar,1998,67.8
mar,1999,68.0
mar,2000,68.3
mar,2001,68.6
mar,2002,68.8
mar,2003,69.0
mar,2004,69.2
mar,2005,69.5
mar,2006,69.8
mar,2007,70.0
mar,2008,70.3
mar,2009,70.7
mar,2010,70.9
mar,2011,71.2
mar,2012,71.4
mar,2013,71.6
mar,2014,71.9
mar,2015,72.0
mar,2016,72.2
mar,2017,72.4
mar,2018,72.4
mar,2019,72.5
mar,2020,71.6
mar,2021,71.7
mar,2022,72.7
mar,2023,73.0
mar,2024,73.19
mar,2025,73.39
mar,2026,73.58
mar,2027,73.68
mar,2028,73.87
mar,2029,74.07
mar,2030,74.16
mar,2031,74.36
mar,2032,74.55
mar,2033,74.65
mar,2034,74.84
mar,2035,75.04
mar,2036,75.13
mar,2037,75.33
mar,2038,75.42
mar,2039,75.62
mar,2040,75.81
mar,2041,75.91
mar,2042,76.1
mar,2043,76.2
mar,2044,76.39
mar,2045,76.59
mar,2046,76.68
mar,2047,76.88
mar,2048,77.07
mar,2049,77.17
mar,2050,77.36
mar,2051,77.46
mar,2052,77.65
mar,2053,77.75
mar,2054,77.94
mar,2055,78.04
mar,2056,78.24
mar,2057,78.33
mar,2058,78.53
mar,2059,78.62
mar,2060,78.82
mar,2061,78.91
mar,2062,79.11
mar,2063,79.2
mar,2064,79.3
mar,2065,79.5
mar,2066,79.59
mar,2067,79.69
mar,2068,79.88
mar,2069,79.98
mar,2070,80.08
mar,2071,80.27
mar,2072,80.37
mar,2073,80.56
mar,2074,80.66
mar,2075,80.76
mar,2076,80.85
mar,2077,81.05
mar,2078,81.14
mar,2079,81.24
mar,2080,81.34
mar,2081,81.53
mar,2082,81.63
mar,2083,81.73
mar,2084,81.82
mar,2085,81.92
mar,2086,82.11
mar,2087,82.21
mar,2088,82.31
mar,2089,82.4
mar,2090,82.5
mar,2091,82.69
mar,2092,82.79
mar,2093,82.89
mar,2094,82.99
mar,2095,83.08
mar,2096,83.18
mar,2097,83.28
mar,2098,83.37
mar,2099,83.47
mar,2100,83.57
prt,1950,59.3
prt,1951,59.6
prt,1952,60.6
prt,1953,61.6
prt,1954,62.2
prt,1955,62.0
prt,1956,61.7
prt,1957,62.4
prt,1958,63.6
prt,1959,63.9
prt,1960,64.1
prt,1961,64.1
prt,1962,64.5
prt,1963,64.9
prt,1964,65.3
prt,1965,65.7
prt,1966,65.7
prt,1967,66.1
prt,1968,66.6
prt,1969,66.7
prt,1970,67.4
prt,1971,67.8
prt,1972,68.6
prt,1973,68.9
prt,1974,69.0
prt,1975,69.1
prt,1976,69.3
prt,1977,70.1
prt,1978,70.9
prt,1979,71.5
prt,1980,71.6
prt,1981,72.0
prt,1982,72.5
prt,1983,72.6
prt,1984,72.9
prt,1985,73.2
prt,1986,73.5
prt,1987,73.9
prt,1988,74.1
prt,1989,74.3
prt,1990,74.2
prt,1991,74.2
prt,1992,74.6
prt,1993,74.8
prt,1994,75.4
prt,1995,75.5
prt,1996,75.5
prt,1997,75.9
prt,1998,76.1
prt,1999,76.4
prt,2000,76.8
prt,2001,77.2
prt,2002,77.4
prt,2003,77.7
prt,2004,78.4
prt,2005,78.8
prt,2006,79.1
prt,2007,79.3
prt,2008,79.6
prt,2009,79.8
prt,2010,80.1
prt,2011,80.5
prt,2012,80.6
prt,2013,80.9
prt,2014,81.3
prt,2015,81.4
prt,2016,81.5
prt,2017,81.7
prt,2018,81.8
prt,2019,82.0
prt,2020,81.4
prt,2021,81.4
prt,2022,81.3
prt,2023,82.0
prt,2024,82.2
prt,2025,82.3
prt,2026,82.5
prt,2027,82.7
prt,2028,82.8
prt,2029,83.0
prt,2030,83.09
prt,2031,83.29
prt,2032,83.39
prt,2033,83.59
prt,2034,83.69
prt,2035,83.79
prt,2036,83.99
prt,2037,84.09
prt,2038,84.19
prt,2039,84.39
prt,2040,84.49
prt,2041,84.69
prt,2042,84.79
prt,2043,84.89
prt,2044,84.99
prt,2045,85.18
prt,2046,85.28
prt,2047,85.38
prt,2048,85.48
prt,2049,85.68
prt,2050,85.78
prt,2051,85.88
prt,2052,85.98
prt,2053,86.08
prt,2054,86.28
prt,2055,86.38
prt,2056,86.48
prt,2057,86.58
prt,2058,86.68
prt,2059,86.78
prt,2060,86.98
prt,2061,87.08
prt,2062,87.17
prt,2063,87.27
prt,2064,87.37
prt,2065,87.47
prt,2066,87.67
prt,2067,87.77
prt,2068,87.87
prt,2069,87.97
prt,2070,88.07
prt,2071,88.17
prt,2072,88.27
prt,2073,88.47
prt,2074,88.57
prt,2075,88.67
prt,2076,88.77
prt,2077,88.87
prt,2078,88.97
prt,2079,89.07
prt,2080,89.26
prt,2081,89.36
prt,2082,89.46
prt,2083,89.56
prt,2084,89.66
prt,2085,89.76
prt,2086,89.86
prt,2087,89.96
prt,2088,90.06
prt,2089,90.16
prt,2090,90.36
prt,2091,90.46
prt,2092,90.56
prt,2093,90.66
prt,2094,90.76
prt,2095,90.86
prt,2096,90.96
prt,2097,91.06
prt,2098,91.25
prt,2099,91.35
prt,2100,91.45
tun,1950,44.2
tun,1951,44.6
tun,1952,45.2
tun,1953,45.6
tun,1954,45.7
tun,1955,46.4
tun,1956,46.9
tun,1957,47.5
tun,1958,48.1
tun,1959,48.5
tun,1960,49.1
tun,1961,49.6
tun,1962,50.2
tun,1963,50.9
tun,1964,51.5
tun,1965,52.2
tun,1966,52.9
tun,1967,53.6
tun,1968,54.4
tun,1969,54.9
tun,1970,55.9
tun,1971,56.7
tun,1972,57.6
tun,1973,58.4
tun,1974,59.3
tun,1975,60.1
tun,1976,60.9
tun,1977,61.7
tun,1978,62.4
tun,1979,63.2
tun,1980,63.7
tun,1981,64.6
tun,1982,65.2
tun,1983,65.9
tun,1984,66.5
tun,1985,67.1
tun,1986,67.6
tun,1987,68.0
tun,1988,68.4
tun,1989,68.7
tun,1990,69.0
tun,1991,69.2
tun,1992,69.5
tun,1993,69.8
tun,1994,70.1
tun,1995,70.3
tun,1996,70.5
tun,1997,70.8
tun,1998,71.0
tun,1999,71.2
tun,2000,71.5
tun,2001,71.7
tun,2002,72.0
tun,2003,72.2
tun,2004,72.5
tun,2005,72.7
tun,2006,72.9
tun,2007,73.1
tun,2008,73.4
tun,2009,73.6
tun,2010,73.8
tun,2011,74.0
tun,2012,74.3
tun,2013,74.5
tun,2014,74.7
tun,2015,74.9
tun,2016,75.1
tun,2017,75.3
tun,2018,75.5
tun,2019,75.8
tun,2020,72.7
tun,2021,70.4
tun,2022,74.9
tun,2023,75.6
tun,2024,75.8
tun,2025,76.0
tun,2026,76.19
tun,2027,76.39
tun,2028,76.59
tun,2029,76.79
tun,2030,76.98
tun,2031,77.18
tun,2032,77.38
tun,2033,77.58
tun,2034,77.68
tun,2035,77.87
tun,2036,78.07
tun,2037,78.27
tun,2038,78.47
tun,2039,78.66
tun,2040,78.86
tun,2041,79.06
tun,2042,79.16
tun,2043,79.36
tun,2044,79.55
tun,2045,79.75
tun,2046,79.95
tun,2047,80.05
tun,2048,80.24
tun,2049,80.44
tun,2050,80.54
tun,2051,80.74
tun,2052,80.94
tun,2053,81.04
tun,2054,81.23
tun,2055,81.43
tun,2056,81.53
tun,2057,81.73
tun,2058,81.83
tun,2059,82.02
tun,2060,82.12
tun,2061,82.32
tun,2062,82.42
tun,2063,82.62
tun,2064,82.72
tun,2065,82.91
tun,2066,83.01
tun,2067,83.21
tun,2068,83.31
tun,2069,83.41
tun,2070,83.6
tun,2071,83.7
tun,2072,83.9
tun,2073,84.0
tun,2074,84.1
tun,2075,84.3
tun,2076,84.4
tun,2077,84.49
tun,2078,84.69
tun,2079,84.79
tun,2080,84.89
tun,2081,84.99
tun,2082,85.19
tun,2083,85.28
tun,2084,85.38
tun,2085,85.58
tun,2086,85.68
tun,2087,85.78
tun,2088,85.88
tun,2089,85.98
tun,2090,86.17
tun,2091,86.27
tun,2092,86.37
tun,2093,86.47
tun,2094,86.57
tun,2095,86.77
tun,2096,86.87
tun,2097,86.96
tun,2098,87.06
tun,2099,87.16
tun,2100,87.26
